{
  "name": "Talkie",
  "keywords": "Speech",
  "description": "Speech library for Arduino.",
  "repository": {
    "type": "git",
    "url": "https://github.com/ArminJo/Talkie"
  },
  "version": "1.3.2",
  "exclude": "pictures",
  "authors": {
    "name": "Armin Joachimsmeyer",
    "email": "armin.arduino@gmail.com",
    "maintainer": true
  },
  "license": "GPL-3.0-or-later",
  "frameworks": "arduino",
  "platforms": [
    "atmelavr",
    "atmelmegaavr",
    "atmelsam",
    "espressif32",
    "ststm32"
  ]
}